S000006440	YNCG0026W	SNR48	Small Nucleolar RNA	snR48	URS000043D99E_559292	RNAcentral/RNAcentral ID
S000006441	YNCO0007W	SNR50	Small Nucleolar RNA	snR50	URS0000312DD7_559292	RNAcentral/RNAcentral ID
S000006442	YNCP0013C	SNR51	Small Nucleolar RNA	snR51	URS0000584350_559292	RNAcentral/RNAcentral ID
S000006443	YNCE0020C	SNR52	Small Nucleolar RNA	snR52	URS000041374B_559292	RNAcentral/RNAcentral ID
S000006444	YNCE0003W	SNR53	Small Nucleolar RNA	snR53	URS0000103F8F_559292	RNAcentral/RNAcentral ID
S000006445	YNCM0005C	SNR54	Small Nucleolar RNA	snR54	URS0000346AFC_559292	RNAcentral/RNAcentral ID
S000006446	YNCL0042C	SNR55	Small Nucleolar RNA	snR55	URS000019D872_559292	RNAcentral/RNAcentral ID
S000006447	YNCB0003W	SNR56	Small Nucleolar RNA	snR56	URS0000376896_559292	RNAcentral/RNAcentral ID
S000006448	YNCL0043C	SNR57	Small Nucleolar RNA	snR57	URS00003670D7_559292	RNAcentral/RNAcentral ID
S000006449	YNCO0003C	SNR58	Small Nucleolar RNA	snR58	URS0000103348_559292	RNAcentral/RNAcentral ID
S000006450	YNCP0003W	SNR59	Small Nucleolar RNA	snR59	URS00003460A5_559292	RNAcentral/RNAcentral ID
S000006451	YNCJ0009C	SNR60	Small Nucleolar RNA	snR60	URS00004D2779_559292	RNAcentral/RNAcentral ID
S000006452	YNCL0041C	SNR61	Small Nucleolar RNA	snR61	URS00002B3180_559292	RNAcentral/RNAcentral ID
S000006453	YNCO0015C	SNR62	Small Nucleolar RNA	snR62	URS00004A510B_559292	RNAcentral/RNAcentral ID
S000006454	YNCD0002C	SNR63	Small Nucleolar RNA	snR63	URS00004C43DB_559292	RNAcentral/RNAcentral ID
S000006455	YNCK0001W	SNR64	Small Nucleolar RNA	snR64	URS00005B750F_559292	RNAcentral/RNAcentral ID
S000006456	YNCC0011W	SNR65	Small Nucleolar RNA	snR65	URS00005C4DA5_559292	RNAcentral/RNAcentral ID
S000006457	YNCN0014W	SNR66	Small Nucleolar RNA	snR66	URS000045C5A2_559292	RNAcentral/RNAcentral ID
S000006458	YNCE0002W	SNR67	Small Nucleolar RNA	snR67	URS00005B0F32_559292	RNAcentral/RNAcentral ID
S000006459	YNCI0001W	SNR68	Small Nucleolar RNA	snR68	URS0000459091_559292	RNAcentral/RNAcentral ID
S000006460	YNCK0013W	SNR69	Small Nucleolar RNA	snR69	URS00000434C9_559292	RNAcentral/RNAcentral ID
S000006461	YNCP0014C	SNR70	Small Nucleolar RNA	snR70	URS0000328495_559292	RNAcentral/RNAcentral ID
S000006462	YNCH0014W	SNR71	Small Nucleolar RNA	snR71	URS00000E08CC_559292	RNAcentral/RNAcentral ID
S000006478	YNCB0019C	LSR1	Large Spliceosomal RNA	snR20|U2	URS000023C730_559292	RNAcentral/RNAcentral ID
S000006479	YNCL0018W	RDN5-1	""	5S ribosomal RNA|MOF9|RDN5	URS000055688D_559292	RNAcentral/RNAcentral ID
S000006480	YNCL0027W	RDN5-2	""	5S ribosomal RNA|RDN5	URS000057ABFB_559292	RNAcentral/RNAcentral ID
S000006481	YNCL0028W	RDN5-3	""	5S ribosomal RNA|RDN5	URS000057ABFB_559292	RNAcentral/RNAcentral ID
S000006482	YNCL0016C	RDN18-1	""	18S ribosomal RNA|RDN18	URS00005F2C2D_559292	RNAcentral/RNAcentral ID
S000006483	YNCL0025C	RDN18-2	""	18S ribosomal RNA|RDN18	URS00005F2C2D_559292	RNAcentral/RNAcentral ID
S000006484	YNCL0012C	RDN25-1	""	25S ribosomal RNA|26S rRNA|RDN25	URS000061F377_559292	RNAcentral/RNAcentral ID
S000006485	YNCL0021C	RDN25-2	""	25S ribosomal RNA|26S rRNA|RDN25	URS000061F377_559292	RNAcentral/RNAcentral ID
S000006486	YNCL0010C	RDN37-1	""	35S pre-ribosomal RNA|RDN37	URS00004BEF81_559292	RNAcentral/RNAcentral ID
S000006487	YNCL0020C	RDN37-2	""	35S pre-ribosomal RNA|RDN37	URS00004BEF81_559292	RNAcentral/RNAcentral ID
S000006488	YNCL0014C	RDN58-1	""	5.8S ribosomal RNA|RDN58	URS00001BF64E_559292	RNAcentral/RNAcentral ID
S000006489	YNCL0023C	RDN58-2	""	5.8S ribosomal RNA|RDN58	URS00001BF64E_559292	RNAcentral/RNAcentral ID
S000006490	YNCE0007C	RPR1	RNase P Ribonucleoprotein	""	URS0000413C32_559292	RNAcentral/RNAcentral ID
S000006491	YNCE0024W	SCR1	Small Cytoplasmic RNA	""	URS00001CAAE9_559292	RNAcentral/RNAcentral ID
S000006492	YNCJ0030W	SNR3	Small Nucleolar RNA	snR3	URS00000E463C_559292	RNAcentral/RNAcentral ID
S000006493	YNCE0019W	SNR4	Small Nucleolar RNA	snR4	URS00004943D6_559292	RNAcentral/RNAcentral ID
S000006494	YNCL0006W	SNR6	Small Nuclear RNA	snR6|U6	URS00006184A9_559292	RNAcentral/RNAcentral ID
S000006495	YNCG0044C	SNR7-L	Small Nuclear RNA	SNR7|snR7-L|U5L	URS000053F313_559292	RNAcentral/RNAcentral ID
S000006496	YNCG0045C	SNR7-S	Small Nuclear RNA	SNR7|snR7-S|U5S	URS0000514318_559292	RNAcentral/RNAcentral ID
S000006497	YNCO0026W	SNR8	Small Nucleolar RNA	snR8	URS00001F7017_559292	RNAcentral/RNAcentral ID
S000006498	YNCD0030W	SNR13	Small Nucleolar RNA	snR13	URS00004957CB_559292	RNAcentral/RNAcentral ID
S000006499	YNCE0011C	SNR14	Small Nuclear RNA	snR14|U4	URS00001143F5_559292	RNAcentral/RNAcentral ID
S000006500	YNCL0048W	SNR34	Small Nucleolar RNA	snR34	URS0000492C43_559292	RNAcentral/RNAcentral ID
S000006501	YNCJ0007C	SNR37	Small Nucleolar RNA	snR37	URS000049D796_559292	RNAcentral/RNAcentral ID
S000006502	YNCK0020C	SNR42	Small Nucleolar RNA	snR42	URS00005FAA28_559292	RNAcentral/RNAcentral ID
S000006503	YNCC0003C	SNR43	Small Nucleolar RNA	snR43	URS0000289A45_559292	RNAcentral/RNAcentral ID
S000006504	YNCL0046W	SNR44	Small Nucleolar RNA	snR44	URS00001FE56E_559292	RNAcentral/RNAcentral ID
S000006505	YNCP0021W	SNR45	Small Nucleolar RNA	snR45	URS00000284F1_559292	RNAcentral/RNAcentral ID
S000006506	YNCG0024W	SNR46	Small Nucleolar RNA	snR46	URS00002B1EAA_559292	RNAcentral/RNAcentral ID
S000006507	YNCD0010C	SNR47	Small Nucleolar RNA	snR47	URS00000DA860_559292	RNAcentral/RNAcentral ID
S000006508	YNCJ0003C	SNR128	Small Nucleolar RNA	snR128|U14	URS0000182FAB_559292	RNAcentral/RNAcentral ID
S000006509	YNCJ0004C	SNR190	Small Nucleolar RNA	snR190	URS0000077671_559292	RNAcentral/RNAcentral ID
S000006510	YNCD0004W	""	""	tA(AGC)D|tRNA-Ala|tRNA-Ala	URS00004D1EAE_559292	RNAcentral/RNAcentral ID
S000006511	YNCF0011C	""	""	tA(AGC)F|tRNA-Ala|tRNA-Ala	URS00004D1EAE_559292	RNAcentral/RNAcentral ID
S000006512	YNCG0034W	""	""	tA(AGC)G|tRNA-Ala|tRNA-Ala	URS00004D1EAE_559292	RNAcentral/RNAcentral ID
S000006513	YNCH0006C	""	""	tA(AGC)H|tRNA-Ala|tRNA-Ala	URS00004D1EAE_559292	RNAcentral/RNAcentral ID
S000006514	YNCJ0005C	""	""	tA(AGC)J|tRNA-Ala|tRNA-Ala	URS00004D1EAE_559292	RNAcentral/RNAcentral ID
S000006515	YNCK0008W	""	""	tA(AGC)K1|tRNA-Ala|tRNA-Ala	URS00004D1EAE_559292	RNAcentral/RNAcentral ID
S000006516	YNCK0019W	""	""	tA(AGC)K2|tRNA-Ala|tRNA-Ala	URS00004D1EAE_559292	RNAcentral/RNAcentral ID
S000006517	YNCL0035C	""	""	tA(AGC)L|tRNA-Ala|tRNA-Ala	URS00004D1EAE_559292	RNAcentral/RNAcentral ID
S000006518	YNCM0018C	""	""	tA(AGC)M1|tRNA-Ala|tRNA-Ala	URS00004D1EAE_559292	RNAcentral/RNAcentral ID
S000006519	YNCM0035C	""	""	tA(AGC)M2|tRNA-Ala|tRNA-Ala	URS00004D1EAE_559292	RNAcentral/RNAcentral ID
S000006520	YNCP0022W	""	""	tA(AGC)P|tRNA-Ala|tRNA-Ala	URS00004D1EAE_559292	RNAcentral/RNAcentral ID
S000006521	YNCA0004W	TGA1	""	tA(UGC)A|tRNA-Ala|tRNA-Ala	URS0000118FF0_559292	RNAcentral/RNAcentral ID
S000006522	YNCE0016C	""	""	tA(UGC)E|tRNA-Ala|tRNA-Ala	URS0000118FF0_559292	RNAcentral/RNAcentral ID
S000006523	YNCG0036W	""	""	tA(UGC)G|tRNA-Ala|tRNA-Ala	URS0000118FF0_559292	RNAcentral/RNAcentral ID
S000006524	YNCL0004C	""	""	tA(UGC)L|tRNA-Ala|tRNA-Ala	URS0000118FF0_559292	RNAcentral/RNAcentral ID
S000006525	YNCO0029C	""	""	tA(UGC)O|tRNA-Ala|tRNA-Ala	URS0000118FF0_559292	RNAcentral/RNAcentral ID
S000006526	YNCB0017C	""	""	tC(GCA)B|tRNA-Cys|tRNA-Cys	URS00002459D9_559292	RNAcentral/RNAcentral ID
S000006527	YNCG0030C	""	""	tC(GCA)G|tRNA-Cys|tRNA-Cys	URS00002459D9_559292	RNAcentral/RNAcentral ID
S000006528	YNCP0007C	""	""	tC(GCA)P1|tRNA-Cys|tRNA-Cys	URS00002459D9_559292	RNAcentral/RNAcentral ID
S000006529	YNCP0018C	""	""	tC(GCA)P2|tRNA-Cys|tRNA-Cys	URS00002459D9_559292	RNAcentral/RNAcentral ID
S000006530	YNCB0016W	""	""	tD(GUC)B|tRNA-Asp|tRNA-Asp	URS000027E1E5_559292	RNAcentral/RNAcentral ID
S000006531	YNCD0012W	""	""	tD(GUC)D|tRNA-Asp|tRNA-Asp	URS000027E1E5_559292	RNAcentral/RNAcentral ID
S000006532	YNCG0021W	""	""	tD(GUC)G1|tRNA-Asp|tRNA-Asp	URS000027E1E5_559292	RNAcentral/RNAcentral ID
S000006533	YNCG0023C	""	""	tD(GUC)G2|tRNA-Asp|tRNA-Asp	URS000027E1E5_559292	RNAcentral/RNAcentral ID
S000006534	YNCI0008C	""	""	tD(GUC)I1|tRNA-Asp|tRNA-Asp	URS000027E1E5_559292	RNAcentral/RNAcentral ID
S000006535	YNCI0010C	""	""	tD(GUC)I2|tRNA-Asp|tRNA-Asp	URS000027E1E5_559292	RNAcentral/RNAcentral ID
S000006536	YNCJ0006W	""	""	tD(GUC)J1|tRNA-Asp|tRNA-Asp	URS000027E1E5_559292	RNAcentral/RNAcentral ID
S000006537	YNCJ0012W	""	""	tD(GUC)J2|tRNA-Asp|tRNA-Asp	URS000027E1E5_559292	RNAcentral/RNAcentral ID
S000006538	YNCJ0013C	""	""	tD(GUC)J3|tRNA-Asp|tRNA-Asp	URS000027E1E5_559292	RNAcentral/RNAcentral ID
S000006539	YNCJ0026W	""	""	tD(GUC)J4|tRNA-Asp|tRNA-Asp	URS000027E1E5_559292	RNAcentral/RNAcentral ID
S000006540	YNCK0018C	""	""	tD(GUC)K|tRNA-Asp|tRNA-Asp	URS000027E1E5_559292	RNAcentral/RNAcentral ID
S000006541	YNCL0008W	""	""	tD(GUC)L1|tRNA-Asp|tRNA-Asp	URS000027E1E5_559292	RNAcentral/RNAcentral ID
S000006542	YNCL0040W	""	""	tD(GUC)L2|tRNA-Asp|tRNA-Asp	URS000027E1E5_559292	RNAcentral/RNAcentral ID
S000006543	YNCM0024W	""	""	tD(GUC)M|tRNA-Asp|tRNA-Asp	URS000027E1E5_559292	RNAcentral/RNAcentral ID
S000006544	YNCN0008C	""	""	tD(GUC)N|tRNA-Asp|tRNA-Asp	URS0000022919_559292	RNAcentral/RNAcentral ID
S000006545	YNCO0019W	""	""	tD(GUC)O|tRNA-Asp|tRNA-Asp	URS000027E1E5_559292	RNAcentral/RNAcentral ID
S000006546	YNCD0021C	""	""	tE(CUC)D|tRNA-Glu|tRNA-Glu	URS00001D6320_559292	RNAcentral/RNAcentral ID
S000006547	YNCI0004W	""	""	tE(CUC)I|tRNA-Glu|tRNA-Glu	URS00001D6320_559292	RNAcentral/RNAcentral ID
S000006548	YNCB0018W	""	""	tE(UUC)B|tRNA-Glu|tRNA-Glu	URS00000D4623_559292	RNAcentral/RNAcentral ID
S000006549	YNCC0001C	""	""	tE(UUC)C|tRNA-Glu|tRNA-Glu	URS00000D4623_559292	RNAcentral/RNAcentral ID
S000006550	YNCE0012W	""	""	tE(UUC)E1|tRNA-Glu|tRNA-Glu	URS00000D4623_559292	RNAcentral/RNAcentral ID
S000006551	YNCE0018W	""	""	tE(UUC)E2|tRNA-Glu|tRNA-Glu	URS00000D4623_559292	RNAcentral/RNAcentral ID
S000006552	YNCE0027C	""	""	tE(UUC)E3|tRNA-Glu|tRNA-Glu	URS00000D4623_559292	RNAcentral/RNAcentral ID
S000006553	YNCG0012W	SOE1	Suppressor Of cdcEight	tE(UUC)G1|tRNA-Glu|tRNA-Glu	URS00000D4623_559292	RNAcentral/RNAcentral ID
S000006554	YNCG0016C	""	""	tE(UUC)G2|tRNA-Glu|tRNA-Glu	URS00000D4623_559292	RNAcentral/RNAcentral ID
S000006555	YNCG0022W	""	""	tE(UUC)G3|tRNA-Glu|tRNA-Glu	URS00000D4623_559292	RNAcentral/RNAcentral ID
S000006556	YNCI0011W	""	""	tE(UUC)I|tRNA-Glu|tRNA-Glu	URS00000D4623_559292	RNAcentral/RNAcentral ID
S000006557	YNCJ0002C	""	""	tE(UUC)J|tRNA-Glu|tRNA-Glu	URS00000D4623_559292	RNAcentral/RNAcentral ID
S000006558	YNCK0005C	""	""	tE(UUC)K|tRNA-Glu|tRNA-Glu	URS00000D4623_559292	RNAcentral/RNAcentral ID
S000006559	YNCL0044W	""	""	tE(UUC)L|tRNA-Glu|tRNA-Glu	URS00000D4623_559292	RNAcentral/RNAcentral ID
S000006560	YNCM0010W	""	""	tE(UUC)M|tRNA-Glu|tRNA-Glu	URS000012840E_559292	RNAcentral/RNAcentral ID
S000006561	YNCP0004C	""	""	tE(UUC)P|tRNA-Glu|tRNA-Glu	URS00000D4623_559292	RNAcentral/RNAcentral ID
S000006562	YNCB0002W	""	""	tF(GAA)B|tRNA-Phe|tRNA-Phe	URS0000403DE2_559292	RNAcentral/RNAcentral ID
S000006563	YNCD0023C	""	""	tF(GAA)D|tRNA-Phe|tRNA-Phe	URS000027DFD8_559292	RNAcentral/RNAcentral ID
S000006564	YNCF0005C	""	""	tF(GAA)F|tRNA-Phe|tRNA-Phe	URS0000403DE2_559292	RNAcentral/RNAcentral ID
S000006565	YNCG0020C	""	""	tF(GAA)G|tRNA-Phe|tRNA-Phe	URS0000403DE2_559292	RNAcentral/RNAcentral ID
S000006566	YNCH0009C	""	""	tF(GAA)H1|tRNA-Phe|tRNA-Phe	URS0000403DE2_559292	RNAcentral/RNAcentral ID
S000006567	YNCH0010C	""	""	tF(GAA)H2|tRNA-Phe|tRNA-Phe	URS0000403DE2_559292	RNAcentral/RNAcentral ID
S000006568	YNCM0019W	""	""	tF(GAA)M|tRNA-Phe|tRNA-Phe	URS0000403DE2_559292	RNAcentral/RNAcentral ID
S000006569	YNCN0006W	""	""	tF(GAA)N|tRNA-Phe|tRNA-Phe	URS000027DFD8_559292	RNAcentral/RNAcentral ID
S000006570	YNCP0008C	""	""	tF(GAA)P1|tRNA-Phe|tRNA-Phe	URS0000403DE2_559292	RNAcentral/RNAcentral ID
S000006571	YNCP0011C	""	""	tF(GAA)P2|tRNA-Phe|tRNA-Phe	URS0000403DE2_559292	RNAcentral/RNAcentral ID
S000006572	YNCD0027C	SUF3	SUppression of Frameshift mutation	tG(CCC)D|tRNA-Gly|tRNA-Gly	URS00003BEF7B_559292	RNAcentral/RNAcentral ID
S000006573	YNCO0020C	SUF5	""	tG(CCC)O|tRNA-Gly|tRNA-Gly	URS000014DF1E_559292	RNAcentral/RNAcentral ID
S000006574	YNCB0005C	""	""	tG(GCC)B|tRNA-Gly|tRNA-Gly	URS000031B782_559292	RNAcentral/RNAcentral ID
S000006575	YNCC0007C	SUF16	SUppression of Frameshift mutation	tG(GCC)C|tRNA-Gly|tRNA-Gly	URS000031B782_559292	RNAcentral/RNAcentral ID
S000006576	YNCD0001W	""	""	tG(GCC)D1|tRNA-Gly|tRNA-Gly	URS000031B782_559292	RNAcentral/RNAcentral ID
S000006577	YNCD0020W	""	""	tG(GCC)D2|tRNA-Gly|tRNA-Gly	URS000031B782_559292	RNAcentral/RNAcentral ID
S000006578	YNCE0004C	""	""	tG(GCC)E|tRNA-Gly|tRNA-Gly	URS000031B782_559292	RNAcentral/RNAcentral ID
S000006579	YNCF0006W	SUF20	""	tG(GCC)F1|tRNA-Gly|tRNA-Gly	URS000031B782_559292	RNAcentral/RNAcentral ID
S000006580	YNCF0008C	""	""	tG(GCC)F2|tRNA-Gly|tRNA-Gly	URS000031B782_559292	RNAcentral/RNAcentral ID
S000006581	YNCG0039W	""	""	tG(GCC)G1|tRNA-Gly|tRNA-Gly	URS000031B782_559292	RNAcentral/RNAcentral ID
S000006582	YNCG0043C	""	""	tG(GCC)G2|tRNA-Gly|tRNA-Gly	URS000031B782_559292	RNAcentral/RNAcentral ID
S000006583	YNCJ0017C	""	""	tG(GCC)J1|tRNA-Gly|tRNA-Gly	URS000031B782_559292	RNAcentral/RNAcentral ID
S000006584	YNCJ0024W	SUF23	""	tG(GCC)J2|tRNA-Gly|tRNA-Gly	URS000031B782_559292	RNAcentral/RNAcentral ID
S000006585	YNCM0007C	""	""	tG(GCC)M|tRNA-Gly|tRNA-Gly	URS000031B782_559292	RNAcentral/RNAcentral ID
S000006586	YNCO0004C	""	""	tG(GCC)O1|tRNA-Gly|tRNA-Gly	URS000031B782_559292	RNAcentral/RNAcentral ID
S000006587	YNCO0009W	SUF17	""	tG(GCC)O2|tRNA-Gly|tRNA-Gly	URS000031B782_559292	RNAcentral/RNAcentral ID
S000006588	YNCP0009W	""	""	tG(GCC)P1|tRNA-Gly|tRNA-Gly	URS000031B782_559292	RNAcentral/RNAcentral ID
S000006589	YNCP0023W	""	""	tG(GCC)P2|tRNA-Gly|tRNA-Gly	URS000031B782_559292	RNAcentral/RNAcentral ID
S000006590	YNCG0035W	SUF4	""	tG(UCC)G|tRNA-Gly|tRNA-Gly	URS0000363AF2_559292	RNAcentral/RNAcentral ID
S000006591	YNCN0002C	SUF6	""	tG(UCC)N|tRNA-Gly|tRNA-Gly	URS0000363AF2_559292	RNAcentral/RNAcentral ID
S000006592	YNCO0001C	SUF1	""	tG(UCC)O|tRNA-Gly|tRNA-Gly	URS0000363AF2_559292	RNAcentral/RNAcentral ID
S000006593	YNCE0013W	""	""	tH(GUG)E1|tRNA-His|tRNA-His	URS0000612D1D_559292	RNAcentral/RNAcentral ID
S000006594	YNCE0021C	""	""	tH(GUG)E2|tRNA-His|tRNA-His	URS0000612D1D_559292	RNAcentral/RNAcentral ID
S000006595	YNCG0003C	""	""	tH(GUG)G1|tRNA-His|tRNA-His	URS0000612D1D_559292	RNAcentral/RNAcentral ID
S000006596	YNCG0011W	""	""	tH(GUG)G2|tRNA-His|tRNA-His	URS0000612D1D_559292	RNAcentral/RNAcentral ID
S000006597	YNCH0001W	""	""	tH(GUG)H|tRNA-His|tRNA-His	URS0000612D1D_559292	RNAcentral/RNAcentral ID
S000006598	YNCK0012C	""	""	tH(GUG)K|tRNA-His|tRNA-His	URS0000612D1D_559292	RNAcentral/RNAcentral ID
S000006599	YNCM0020W	""	""	tH(GUG)M|tRNA-His|tRNA-His	URS0000612D1D_559292	RNAcentral/RNAcentral ID
S000006600	YNCB0004W	""	""	tI(AAU)B|tRNA-Ile|tRNA-Ile	URS000051C6FE_559292	RNAcentral/RNAcentral ID
S000006601	YNCD0015C	""	""	tI(AAU)D|tRNA-Ile|tRNA-Ile	URS000051C6FE_559292	RNAcentral/RNAcentral ID
S000006602	YNCE0025C	""	""	tI(AAU)E1|tRNA-Ile|tRNA-Ile	URS000051C6FE_559292	RNAcentral/RNAcentral ID
S000006603	YNCE0029C	""	""	tI(AAU)E2|tRNA-Ile|tRNA-Ile	URS000051C6FE_559292	RNAcentral/RNAcentral ID
S000006604	YNCG0033W	""	""	tI(AAU)G|tRNA-Ile|tRNA-Ile	URS000051C6FE_559292	RNAcentral/RNAcentral ID
S000006605	YNCI0003C	""	""	tI(AAU)I1|tRNA-Ile|tRNA-Ile	URS000051C6FE_559292	RNAcentral/RNAcentral ID
S000006606	YNCI0005W	""	""	tI(AAU)I2|tRNA-Ile|tRNA-Ile	URS000051C6FE_559292	RNAcentral/RNAcentral ID
S000006607	YNCL0038W	""	""	tI(AAU)L1|tRNA-Ile|tRNA-Ile	URS000051C6FE_559292	RNAcentral/RNAcentral ID
S000006608	YNCL0051C	""	""	tI(AAU)L2|tRNA-Ile|tRNA-Ile	URS000051C6FE_559292	RNAcentral/RNAcentral ID
S000006609	YNCN0012C	""	""	tI(AAU)N1|tRNA-Ile|tRNA-Ile	URS000051C6FE_559292	RNAcentral/RNAcentral ID
S000006610	YNCN0015W	""	""	tI(AAU)N2|tRNA-Ile|tRNA-Ile	URS000051C6FE_559292	RNAcentral/RNAcentral ID
S000006611	YNCP0020W	""	""	tI(AAU)P1|tRNA-Ile|tRNA-Ile	URS000051C6FE_559292	RNAcentral/RNAcentral ID
S000006612	YNCP0024C	""	""	tI(AAU)P2|tRNA-Ile|tRNA-Ile	URS000051C6FE_559292	RNAcentral/RNAcentral ID
S000006613	YNCD0017W	""	""	tI(UAU)D|tRNA-Ile|tRNA-Ile	URS000045E5E5_559292	RNAcentral/RNAcentral ID
S000006614	YNCL0033C	""	""	tI(UAU)L|tRNA-Ile|tRNA-Ile	URS00001D9414_559292	RNAcentral/RNAcentral ID
S000006615	YNCC0009C	""	""	tK(CUU)C|tRNA-Lys|tRNA-Lys	URS0000410E6D_559292	RNAcentral/RNAcentral ID
S000006616	YNCD0026W	""	""	tK(CUU)D1|tRNA-Lys|tRNA-Lys	URS0000410E6D_559292	RNAcentral/RNAcentral ID
S000006617	YNCD0029C	""	""	tK(CUU)D2|tRNA-Lys|tRNA-Lys	URS0000410E6D_559292	RNAcentral/RNAcentral ID
S000006618	YNCE0009C	""	""	tK(CUU)E1|tRNA-Lys|tRNA-Lys	URS0000410E6D_559292	RNAcentral/RNAcentral ID
S000006619	YNCE0022C	""	""	tK(CUU)E2|tRNA-Lys|tRNA-Lys	URS0000410E6D_559292	RNAcentral/RNAcentral ID
S000006620	YNCF0014C	""	""	tK(CUU)F|tRNA-Lys|tRNA-Lys	URS0000410E6D_559292	RNAcentral/RNAcentral ID
S000006621	YNCG0005W	""	""	tK(CUU)G1|tRNA-Lys|tRNA-Lys	URS0000410E6D_559292	RNAcentral/RNAcentral ID
S000006622	YNCG0007C	""	""	tK(CUU)G2|tRNA-Lys|tRNA-Lys	URS0000410E6D_559292	RNAcentral/RNAcentral ID
S000006623	YNCG0041W	""	""	tK(CUU)G3|tRNA-Lys|tRNA-Lys	URS0000410E6D_559292	RNAcentral/RNAcentral ID
S000006624	YNCI0007C	""	""	tK(CUU)I|tRNA-Lys|tRNA-Lys	URS0000410E6D_559292	RNAcentral/RNAcentral ID
S000006625	YNCJ0018W	""	""	tK(CUU)J|tRNA-Lys|tRNA-Lys	URS0000410E6D_559292	RNAcentral/RNAcentral ID
S000006626	YNCK0007W	""	""	tK(CUU)K|tRNA-Lys|tRNA-Lys	URS0000410E6D_559292	RNAcentral/RNAcentral ID
S000006627	YNCM0025C	""	""	tK(CUU)M|tRNA-Lys|tRNA-Lys	URS0000410E6D_559292	RNAcentral/RNAcentral ID
S000006628	YNCP0010W	""	""	tK(CUU)P|tRNA-Lys|tRNA-Lys	URS0000410E6D_559292	RNAcentral/RNAcentral ID
S000006629	YNCD0003W	""	""	tK(UUU)D|tRNA-Lys|tRNA-Lys	URS00001AB4FA_559292	RNAcentral/RNAcentral ID
S000006630	YNCG0004W	""	""	tK(UUU)G1|tRNA-Lys|tRNA-Lys	URS00001AB4FA_559292	RNAcentral/RNAcentral ID
S000006631	YNCG0029C	""	""	tK(UUU)G2|tRNA-Lys|tRNA-Lys	URS00001AB4FA_559292	RNAcentral/RNAcentral ID
S000006632	YNCK0021W	""	""	tK(UUU)K|tRNA-Lys|tRNA-Lys	URS00001AB4FA_559292	RNAcentral/RNAcentral ID
S000006633	YNCL0047W	""	""	tK(UUU)L|tRNA-Lys|tRNA-Lys	URS00001AB4FA_559292	RNAcentral/RNAcentral ID
S000006634	YNCO0016W	""	""	tK(UUU)O|tRNA-Lys|tRNA-Lys	URS00001AB4FA_559292	RNAcentral/RNAcentral ID
S000006635	YNCP0017C	""	""	tK(UUU)P|tRNA-Lys|tRNA-Lys	URS00001AB4FA_559292	RNAcentral/RNAcentral ID
S000006636	YNCA0005W	SUP56	SUPpressor	tL(CAA)A|tRNA-Leu|tRNA-Leu	URS0000254561_559292	RNAcentral/RNAcentral ID
S000006637	YNCC0002W	SUP53	SUPpressor	tL(CAA)C|tRNA-Leu|tRNA-Leu	URS0000254561_559292	RNAcentral/RNAcentral ID
S000006638	YNCD0031C	""	""	tL(CAA)D|tRNA-Leu|tRNA-Leu	URS0000254561_559292	RNAcentral/RNAcentral ID
S000006639	YNCG0008W	""	""	tL(CAA)G1|tRNA-Leu|tRNA-Leu	URS0000254561_559292	RNAcentral/RNAcentral ID
S000006640	YNCG0019W	SUP54	SUPpressor	tL(CAA)G2|tRNA-Leu|tRNA-Leu	URS0000254561_559292	RNAcentral/RNAcentral ID
S000006641	YNCG0040C	""	""	tL(CAA)G3|tRNA-Leu|tRNA-Leu	URS0000254561_559292	RNAcentral/RNAcentral ID
S000006642	YNCK0016W	""	""	tL(CAA)K|tRNA-Leu|tRNA-Leu	URS0000254561_559292	RNAcentral/RNAcentral ID
S000006643	YNCL0034W	""	""	tL(CAA)L|tRNA-Leu|tRNA-Leu	URS0000254561_559292	RNAcentral/RNAcentral ID
S000006644	YNCM0027W	""	""	tL(CAA)M|tRNA-Leu|tRNA-Leu	URS0000254561_559292	RNAcentral/RNAcentral ID
S000006645	YNCN0007W	""	""	tL(CAA)N|tRNA-Leu|tRNA-Leu	URS0000254561_559292	RNAcentral/RNAcentral ID
S000006646	YNCG0028W	""	""	tL(GAG)G|tRNA-Leu|tRNA-Leu	URS000006F3EE_559292	RNAcentral/RNAcentral ID
S000006647	YNCB0001W	""	""	tL(UAA)B1|tRNA-Leu|tRNA-Leu	URS000024C4B2_559292	RNAcentral/RNAcentral ID
S000006648	YNCB0012W	""	""	tL(UAA)B2|tRNA-Leu|tRNA-Leu	URS000024C4B2_559292	RNAcentral/RNAcentral ID
S000006649	YNCD0008W	""	""	tL(UAA)D|tRNA-Leu|tRNA-Leu	URS000024C4B2_559292	RNAcentral/RNAcentral ID
S000006650	YNCJ0021C	SUP51	SUPpressor	SUP52|tL(UAA)J|tRNA-Leu|tRNA-Leu	URS000024C4B2_559292	RNAcentral/RNAcentral ID
S000006651	YNCK0004W	""	""	tL(UAA)K|tRNA-Leu|tRNA-Leu	URS000024C4B2_559292	RNAcentral/RNAcentral ID
S000006652	YNCL0049C	""	""	tL(UAA)L|tRNA-Leu|tRNA-Leu	URS000024C4B2_559292	RNAcentral/RNAcentral ID
S000006653	YNCN0020C	""	""	tL(UAA)N|tRNA-Leu|tRNA-Leu	URS000024C4B2_559292	RNAcentral/RNAcentral ID
S000006654	YNCJ0029W	""	""	tL(UAG)J|tRNA-Leu|tRNA-Leu	URS0000493157_559292	RNAcentral/RNAcentral ID
S000006655	YNCL0032C	""	""	tL(UAG)L1|tRNA-Leu|tRNA-Leu	URS0000493157_559292	RNAcentral/RNAcentral ID
S000006656	YNCL0037W	""	""	tL(UAG)L2|tRNA-Leu|tRNA-Leu	URS0000493157_559292	RNAcentral/RNAcentral ID
S000006657	YNCB0010W	TLC1	TeLomerase Component	TER1	URS0000348061_559292	RNAcentral/RNAcentral ID
S000006658	YNCC0008W	""	""	tM(CAU)C|tRNA-Met|tRNA-Met	URS00005350CD_559292	RNAcentral/RNAcentral ID
S000006659	YNCD0025W	EMT1	Elongator MeThionine-accepting tRNA	tM(CAU)D|tRNA-Met|tRNA-Met	URS00001A5E2D_559292	RNAcentral/RNAcentral ID
S000006660	YNCE0006W	IMT4	Initiator Methionine tRNA	tM(CAU)E|tRNA-Met|tRNA-Met	URS00005350CD_559292	RNAcentral/RNAcentral ID
S000006661	YNCJ0016C	EMT5	Elongator MeThionine-accepting tRNA	tM(CAU)J1|tRNA-Met|tRNA-Met	URS00001A5E2D_559292	RNAcentral/RNAcentral ID
S000006662	YNCJ0020W	EMT3	Elongator MeThionine-accepting tRNA	tM(CAU)J2|tRNA-Met|tRNA-Met	URS00001A5E2D_559292	RNAcentral/RNAcentral ID
S000006663	YNCJ0022C	IMT3	Initiator Methionine tRNA	tM(CAU)J3|tRNA-Met|tRNA-Met	URS00005350CD_559292	RNAcentral/RNAcentral ID
S000006664	YNCM0028C	EMT4	Elongator MeThionine-accepting tRNA	tM(CAU)M|tRNA-Met|tRNA-Met	URS00001A5E2D_559292	RNAcentral/RNAcentral ID
S000006665	YNCO0023W	IMT1	Initiator Methionine tRNA	tM(CAU)O1|tRNA-Met|tRNA-Met	URS00005350CD_559292	RNAcentral/RNAcentral ID
S000006666	YNCO0030W	EMT2	Elongator MeThionine-accepting tRNA	tM(CAU)O2|tRNA-Met|tRNA-Met	URS00001A5E2D_559292	RNAcentral/RNAcentral ID
S000006667	YNCP0006C	IMT2	Initiator Methionine tRNA	tM(CAU)P|tRNA-Met|tRNA-Met	URS00005350CD_559292	RNAcentral/RNAcentral ID
S000006668	YNCC0005W	""	""	tN(GUU)C|tRNA-Asn|tRNA-Asn	URS0000089FC1_559292	RNAcentral/RNAcentral ID
S000006669	YNCF0004C	""	""	tN(GUU)F|tRNA-Asn|tRNA-Asn	URS0000089FC1_559292	RNAcentral/RNAcentral ID
S000006670	YNCG0031W	""	""	tN(GUU)G|tRNA-Asn|tRNA-Asn	URS0000089FC1_559292	RNAcentral/RNAcentral ID
S000006671	YNCK0003W	""	""	tN(GUU)K|tRNA-Asn|tRNA-Asn	URS0000089FC1_559292	RNAcentral/RNAcentral ID
S000006672	YNCL0050C	""	""	tN(GUU)L|tRNA-Asn|tRNA-Asn	URS0000089FC1_559292	RNAcentral/RNAcentral ID
S000006673	YNCN0003W	""	""	tN(GUU)N1|tRNA-Asn|tRNA-Asn	URS0000089FC1_559292	RNAcentral/RNAcentral ID
S000006674	YNCN0017W	""	""	tN(GUU)N2|tRNA-Asn|tRNA-Asn	URS0000089FC1_559292	RNAcentral/RNAcentral ID
S000006675	YNCO0005W	""	""	tN(GUU)O1|tRNA-Asn|tRNA-Asn	URS0000089FC1_559292	RNAcentral/RNAcentral ID
S000006676	YNCO0018W	""	""	tN(GUU)O2|tRNA-Asn|tRNA-Asn	URS0000089FC1_559292	RNAcentral/RNAcentral ID
S000006677	YNCP0019W	""	""	tN(GUU)P|tRNA-Asn|tRNA-Asn	URS0000089FC1_559292	RNAcentral/RNAcentral ID
S000006678	YNCC0004C	SUF2	SUppression of Frameshift mutation	tP(AGG)C|tRNA-Pro|tRNA-Pro	URS0000014B59_559292	RNAcentral/RNAcentral ID
S000006679	YNCN0016C	SUF10	""	tP(AGG)N|tRNA-Pro|tRNA-Pro	URS0000014B59_559292	RNAcentral/RNAcentral ID
S000006680	YNCA0002W	TRN1	TRNA	tP(UGG)A|tRNA-Pro|tRNA-Pro	URS00003E41F6_559292	RNAcentral/RNAcentral ID
S000006681	YNCF0002W	SUF9	""	tP(UGG)F|tRNA-Pro|tRNA-Pro	URS00003E41F6_559292	RNAcentral/RNAcentral ID
S000006682	YNCH0013C	SUF8	""	tP(UGG)H|tRNA-Pro|tRNA-Pro	URS00003E41F6_559292	RNAcentral/RNAcentral ID
S000006683	YNCL0001W	""	""	tP(UGG)L|tRNA-Pro|tRNA-Pro	URS00003E41F6_559292	RNAcentral/RNAcentral ID
S000006684	YNCM0008C	SUF7	""	tP(UGG)M|tRNA-Pro|tRNA-Pro	URS00003E41F6_559292	RNAcentral/RNAcentral ID
S000006685	YNCN0009W	""	""	tP(UGG)N1|tRNA-Pro|tRNA-Pro	URS00003E41F6_559292	RNAcentral/RNAcentral ID
S000006686	YNCN0011W	""	""	tP(UGG)N2|tRNA-Pro|tRNA-Pro	URS00003E41F6_559292	RNAcentral/RNAcentral ID
S000006687	YNCO0011W	""	""	tP(UGG)O1|tRNA-Pro|tRNA-Pro	URS00003E41F6_559292	RNAcentral/RNAcentral ID
S000006688	YNCO0017W	SUF11	""	tP(UGG)O2|tRNA-Pro|tRNA-Pro	URS00003E41F6_559292	RNAcentral/RNAcentral ID
S000006689	YNCO0031W	""	""	tP(UGG)O3|tRNA-Pro|tRNA-Pro	URS0000369D86_559292	RNAcentral/RNAcentral ID
S000006690	YNCM0036C	CDC65	Cell Division Cycle	DNA33|SUP60|SUP70|tQ(CUG)M|tRNA-Gln|tRNA-Gln	URS000021BC74_559292	RNAcentral/RNAcentral ID
S000006691	YNCB0013W	""	""	tQ(UUG)B|tRNA-Gln|tRNA-Gln	URS00004942AC_559292	RNAcentral/RNAcentral ID
S000006692	YNCC0010C	""	""	tQ(UUG)C|tRNA-Gln|tRNA-Gln	URS000001E7BA_559292	RNAcentral/RNAcentral ID
S000006693	YNCD0009W	""	""	tQ(UUG)D1|tRNA-Gln|tRNA-Gln	URS000001E7BA_559292	RNAcentral/RNAcentral ID
S000006694	YNCD0014C	""	""	tQ(UUG)D2|tRNA-Gln|tRNA-Gln	URS000001E7BA_559292	RNAcentral/RNAcentral ID
S000006695	YNCD0016C	""	""	tQ(UUG)D3|tRNA-Gln|tRNA-Gln	URS000001E7BA_559292	RNAcentral/RNAcentral ID
S000006696	YNCE0014W	""	""	tQ(UUG)E1|tRNA-Gln|tRNA-Gln	URS000001E7BA_559292	RNAcentral/RNAcentral ID
S000006697	YNCE0008C	""	""	tQ(UUG)E2|tRNA-Gln|tRNA-Gln	URS000044A924_559292	RNAcentral/RNAcentral ID
S000006698	YNCH0005W	""	""	tQ(UUG)H|tRNA-Gln|tRNA-Gln	URS000001E7BA_559292	RNAcentral/RNAcentral ID
S000006699	YNCL0009C	""	""	tQ(UUG)L|tRNA-Gln|tRNA-Gln	URS000001E7BA_559292	RNAcentral/RNAcentral ID
S000006700	YNCD0013C	""	""	tR(ACG)D|tRNA-Arg|tRNA-Arg	URS00000804B3_559292	RNAcentral/RNAcentral ID
S000006701	YNCE0028C	""	""	tR(ACG)E|tRNA-Arg|tRNA-Arg	URS00000804B3_559292	RNAcentral/RNAcentral ID
S000006702	YNCJ0008W	""	""	tR(ACG)J|tRNA-Arg|tRNA-Arg	URS00002BCEEE_559292	RNAcentral/RNAcentral ID
S000006703	YNCK0017W	""	""	tR(ACG)K|tRNA-Arg|tRNA-Arg	URS00000804B3_559292	RNAcentral/RNAcentral ID
S000006704	YNCL0007W	""	""	tR(ACG)L|tRNA-Arg|tRNA-Arg	URS00000804B3_559292	RNAcentral/RNAcentral ID
S000006705	YNCO0012C	""	""	tR(ACG)O|tRNA-Arg|tRNA-Arg	URS00000804B3_559292	RNAcentral/RNAcentral ID
S000006706	YNCL0045W	TRR4	TRna aRg 4	tR(CCG)L|tRNA-Arg|tRNA-Arg	URS00000CCDAD_559292	RNAcentral/RNAcentral ID
S000006707	YNCJ0025W	HSX1	""	tR(CCU)J|tRNA-Arg|tRNA-Arg	URS0000143547_559292	RNAcentral/RNAcentral ID
S000006708	YNCB0015W	""	""	tRNA-Arg|tRNA-Arg|tR(UCU)B	URS0000246DB7_559292	RNAcentral/RNAcentral ID
S000006709	YNCD0011W	""	""	tRNA-Arg|tRNA-Arg|tR(UCU)D	URS0000246DB7_559292	RNAcentral/RNAcentral ID
S000006710	YNCE0010W	""	""	tRNA-Arg|tRNA-Arg|tR(UCU)E	URS0000246DB7_559292	RNAcentral/RNAcentral ID
S000006711	YNCG0017W	""	""	tRNA-Arg|tRNA-Arg|tR(UCU)G1	URS0000246DB7_559292	RNAcentral/RNAcentral ID
S000006712	YNCG0038C	""	""	tRNA-Arg|tRNA-Arg|tR(UCU)G2	URS0000246DB7_559292	RNAcentral/RNAcentral ID
S000006713	YNCG0032W	""	""	tRNA-Arg|tRNA-Arg|tR(UCU)G3	URS0000246DB7_559292	RNAcentral/RNAcentral ID
S000006714	YNCJ0011W	""	""	tRNA-Arg|tRNA-Arg|tR(UCU)J1	URS0000246DB7_559292	RNAcentral/RNAcentral ID
S000006715	YNCJ0014C	""	""	tRNA-Arg|tRNA-Arg|tR(UCU)J2	URS0000246DB7_559292	RNAcentral/RNAcentral ID
S000006716	YNCK0006C	""	""	tRNA-Arg|tRNA-Arg|tR(UCU)K	URS0000246DB7_559292	RNAcentral/RNAcentral ID
S000006717	YNCM0033C	""	""	tRNA-Arg|tRNA-Arg|tR(UCU)M1	URS0000246DB7_559292	RNAcentral/RNAcentral ID
S000006718	YNCM0004C	""	""	tRNA-Arg|tRNA-Arg|tR(UCU)M2	URS0000246DB7_559292	RNAcentral/RNAcentral ID
S000006719	YNCA0006C	""	""	tRNA-Ser|tRNA-Ser|tS(AGA)A	URS000025778A_559292	RNAcentral/RNAcentral ID
S000006720	YNCB0006W	""	""	tRNA-Ser|tRNA-Ser|tS(AGA)B	URS000025778A_559292	RNAcentral/RNAcentral ID
S000006721	YNCD0006W	""	""	tRNA-Ser|tRNA-Ser|tS(AGA)D1	URS000025778A_559292	RNAcentral/RNAcentral ID
S000006722	YNCD0019C	""	""	tRNA-Ser|tRNA-Ser|tS(AGA)D2	URS000025778A_559292	RNAcentral/RNAcentral ID
S000006723	YNCD0028W	""	""	tRNA-Ser|tRNA-Ser|tS(AGA)D3	URS00005FE096_559292	RNAcentral/RNAcentral ID
S000006724	YNCE0005W	""	""	tRNA-Ser|tRNA-Ser|tS(AGA)E	URS000025778A_559292	RNAcentral/RNAcentral ID
S000006725	YNCG0025C	""	""	tRNA-Ser|tRNA-Ser|tS(AGA)G	URS000025778A_559292	RNAcentral/RNAcentral ID
S000006726	YNCH0004C	""	""	tRNA-Ser|tRNA-Ser|tS(AGA)H	URS000025778A_559292	RNAcentral/RNAcentral ID
S000006727	YNCJ0023C	""	""	tRNA-Ser|tRNA-Ser|tS(AGA)J	URS000025778A_559292	RNAcentral/RNAcentral ID
S000006728	YNCL0002C	""	""	tRNA-Ser|tRNA-Ser|tS(AGA)L	URS000025778A_559292	RNAcentral/RNAcentral ID
S000006729	YNCM0009C	""	""	tRNA-Ser|tRNA-Ser|tS(AGA)M	URS000025778A_559292	RNAcentral/RNAcentral ID
S000006730	YNCC0013W	SUP61	SUPpressor	tRNA-Ser|tRNA-Ser|tS(CGA)C	URS00005D16B9_559292	RNAcentral/RNAcentral ID
S000006731	YNCF0009C	""	""	tRNA-Ser|tRNA-Ser|tS(GCU)F	URS00004A23F2_559292	RNAcentral/RNAcentral ID
S000006732	YNCL0039W	""	""	tS(GCU)L|tX(XXX)L	URS00000BA8DF_559292	RNAcentral/RNAcentral ID
S000006733	YNCO0008W	""	""	tRNA-Ser|tRNA-Ser|tS(GCU)O	URS00004A23F2_559292	RNAcentral/RNAcentral ID
S000006734	YNCE0015C	SUP19	""	SUP20|tRNA-Ser|tRNA-Ser|tS(UGA)E	URS00001FCFC1_559292	RNAcentral/RNAcentral ID
S000006735	YNCI0006W	SUP17	""	tRNA-Ser|tRNA-Ser|tS(UGA)I	URS00001FCFC1_559292	RNAcentral/RNAcentral ID
S000006736	YNCP0012W	SUP16	""	SUQ5|tRNA-Ser|tRNA-Ser|tS(UGA)P	URS00001FCFC1_559292	RNAcentral/RNAcentral ID
S000006737	YNCB0007W	""	""	tRNA-Thr|tRNA-Thr|tT(AGU)B	URS000037F6D3_559292	RNAcentral/RNAcentral ID
S000006738	YNCC0014W	""	""	tRNA-Thr|tRNA-Thr|tT(AGU)C	URS000037F6D3_559292	RNAcentral/RNAcentral ID
S000006739	YNCD0005C	""	""	tRNA-Thr|tRNA-Thr|tT(AGU)D	URS000037F6D3_559292	RNAcentral/RNAcentral ID
S000006740	YNCH0003C	""	""	tRNA-Thr|tRNA-Thr|tT(AGU)H	URS000037F6D3_559292	RNAcentral/RNAcentral ID
S000006741	YNCI0002W	""	""	tRNA-Thr|tRNA-Thr|tT(AGU)I1	URS000037F6D3_559292	RNAcentral/RNAcentral ID
S000006742	YNCI0009W	""	""	tRNA-Thr|tRNA-Thr|tT(AGU)I2	URS000037F6D3_559292	RNAcentral/RNAcentral ID
S000006743	YNCJ0001C	""	""	tRNA-Thr|tRNA-Thr|tT(AGU)J	URS000037F6D3_559292	RNAcentral/RNAcentral ID
S000006744	YNCN0004W	""	""	tRNA-Thr|tRNA-Thr|tT(AGU)N1	URS000037F6D3_559292	RNAcentral/RNAcentral ID
S000006745	YNCN0010C	""	""	tRNA-Thr|tRNA-Thr|tT(AGU)N2	URS000037F6D3_559292	RNAcentral/RNAcentral ID
S000006746	YNCO0002W	""	""	tRNA-Thr|tRNA-Thr|tT(AGU)O1	URS000037F6D3_559292	RNAcentral/RNAcentral ID
S000006747	YNCO0013C	""	""	tRNA-Thr|tRNA-Thr|tT(AGU)O2	URS000037F6D3_559292	RNAcentral/RNAcentral ID
S000006748	YNCK0002C	TRT2	TRna Thr	tRNA-Thr|tRNA-Thr|tT(CGU)K	URS0000160847_559292	RNAcentral/RNAcentral ID
S000006749	YNCG0027W	""	""	tRNA-Thr|tRNA-Thr|tT(UGU)G1	URS00002DD7E5_559292	RNAcentral/RNAcentral ID
S000006750	YNCG0046W	""	""	tRNA-Thr|tRNA-Thr|tT(UGU)G2	URS00002DD7E5_559292	RNAcentral/RNAcentral ID
S000006751	YNCH0015W	""	""	tRNA-Thr|tRNA-Thr|tT(UGU)H	URS00002EB333_559292	RNAcentral/RNAcentral ID
S000006752	YNCP0016W	""	""	tRNA-Thr|tRNA-Thr|tT(UGU)P	URS00002DD7E5_559292	RNAcentral/RNAcentral ID
S000006753	YNCE0023W	""	""	tRNA-Val|tRNA-Val|tV(AAC)E1	URS00001D5F0C_559292	RNAcentral/RNAcentral ID
S000006754	YNCE0026W	""	""	tRNA-Val|tRNA-Val|tV(AAC)E2	URS00001D5F0C_559292	RNAcentral/RNAcentral ID
S000006755	YNCG0018C	""	""	tRNA-Val|tRNA-Val|tV(AAC)G1	URS00001D5F0C_559292	RNAcentral/RNAcentral ID
S000006756	YNCG0037W	""	""	tRNA-Val|tRNA-Val|tV(AAC)G2	URS00001D5F0C_559292	RNAcentral/RNAcentral ID
S000006757	YNCG0002C	""	""	tRNA-Val|tRNA-Val|tV(AAC)G3	URS00001D5F0C_559292	RNAcentral/RNAcentral ID
S000006758	YNCH0002C	""	""	tRNA-Val|tRNA-Val|tV(AAC)H	URS00001D5F0C_559292	RNAcentral/RNAcentral ID
S000006759	YNCJ0015W	""	""	tRNA-Val|tRNA-Val|tV(AAC)J	URS00001D5F0C_559292	RNAcentral/RNAcentral ID
S000006760	YNCK0011C	""	""	tRNA-Val|tRNA-Val|tV(AAC)K1	URS00001D5F0C_559292	RNAcentral/RNAcentral ID
S000006761	YNCK0014W	""	""	tRNA-Val|tRNA-Val|tV(AAC)K2	URS00001D5F0C_559292	RNAcentral/RNAcentral ID
S000006762	YNCL0036C	""	""	tRNA-Val|tRNA-Val|tV(AAC)L	URS00001D5F0C_559292	RNAcentral/RNAcentral ID
S000006763	YNCM0021C	""	""	tRNA-Val|tRNA-Val|tV(AAC)M1	URS00001D5F0C_559292	RNAcentral/RNAcentral ID
S000006764	YNCM0023C	""	""	tRNA-Val|tRNA-Val|tV(AAC)M2	URS00001D5F0C_559292	RNAcentral/RNAcentral ID
S000006765	YNCM0029C	""	""	tRNA-Val|tRNA-Val|tV(AAC)M3	URS00001D5F0C_559292	RNAcentral/RNAcentral ID
S000006766	YNCO0021C	""	""	tRNA-Val|tRNA-Val|tV(AAC)O	URS00003B5CA5_559292	RNAcentral/RNAcentral ID
S000006767	YNCD0022C	""	""	tRNA-Val|tRNA-Val|tV(CAC)D	URS00002C74E0_559292	RNAcentral/RNAcentral ID
S000006768	YNCH0016C	""	""	tRNA-Val|tRNA-Val|tV(CAC)H	URS00002C74E0_559292	RNAcentral/RNAcentral ID
S000006769	YNCB0011C	""	""	tRNA-Val|tRNA-Val|tV(UAC)B	URS0000241CE9_559292	RNAcentral/RNAcentral ID
S000006770	YNCD0007C	""	""	tRNA-Val|tRNA-Val|tV(UAC)D	URS0000241CE9_559292	RNAcentral/RNAcentral ID
S000006771	YNCG0009C	""	""	tRNA-Trp|tRNA-Trp|tW(CCA)G1	URS00004A686E_559292	RNAcentral/RNAcentral ID
S000006772	YNCG0042C	""	""	tRNA-Trp|tRNA-Trp|tW(CCA)G2	URS00004A686E_559292	RNAcentral/RNAcentral ID
S000006773	YNCJ0019C	""	""	tRNA-Trp|tRNA-Trp|tW(CCA)J	URS00004A686E_559292	RNAcentral/RNAcentral ID
S000006774	YNCK0010W	""	""	tRNA-Trp|tRNA-Trp|tW(CCA)K	URS00004A686E_559292	RNAcentral/RNAcentral ID
S000006775	YNCM0022C	""	""	tRNA-Trp|tRNA-Trp|tW(CCA)M	URS00004A686E_559292	RNAcentral/RNAcentral ID
S000006776	YNCP0001C	""	""	tRNA-Trp|tRNA-Trp|tW(CCA)P	URS00004A686E_559292	RNAcentral/RNAcentral ID
S000006777	YNCD0024C	""	""	tX(XXX)D	URS0000177121_559292	RNAcentral/RNAcentral ID
S000006778	YNCD0018W	SUP2	SUPpressor	tRNA-Tyr|tRNA-Tyr|tY(GUA)D	URS00000E5CD1_559292	RNAcentral/RNAcentral ID
S000006779	YNCF0007W	SUP11	""	tRNA-Tyr|tRNA-Tyr|tY(GUA)F1	URS00000E5CD1_559292	RNAcentral/RNAcentral ID
S000006780	YNCF0012C	SUP6	SUPpressor	tRNA-Tyr|tRNA-Tyr|tY(GUA)F2	URS00000E5CD1_559292	RNAcentral/RNAcentral ID
S000006781	YNCJ0010W	SUP7	SUPpressor	tRNA-Tyr|tRNA-Tyr|tY(GUA)J1	URS00000E5CD1_559292	RNAcentral/RNAcentral ID
S000006782	YNCJ0027C	SUP4	SUPpressor	tRNA-Tyr|tRNA-Tyr|tY(GUA)J2	URS00000E5CD1_559292	RNAcentral/RNAcentral ID
S000006783	YNCM0006W	SUP5	SUPpressor	tRNA-Tyr|tRNA-Tyr|tY(GUA)M1	URS00000E5CD1_559292	RNAcentral/RNAcentral ID
S000006784	YNCM0037W	SUP8	SUPpressor	tRNA-Tyr|tRNA-Tyr|tY(GUA)M2	URS00000E5CD1_559292	RNAcentral/RNAcentral ID
S000006785	YNCO0010W	SUP3	SUPpressor	tRNA-Tyr|tRNA-Tyr|tY(GUA)O	URS00000E5CD1_559292	RNAcentral/RNAcentral ID
S000007287	YNCQ0002W	15S_RRNA	""	14s rRNA|15S ribosomal RNA|15S_RRNA_2|Q0020	URS000060F99B_559292	RNAcentral/RNAcentral ID
S000007288	YNCQ0006W	21S_RRNA	""	21S ribosomal RNA|21S_rRNA_3|21S_rRNA_4|Q0158	URS00007F9EA9_559292	RNAcentral/RNAcentral ID
S000007291	YNCO0028W	SNR5	Small Nucleolar RNA	snR5	URS000013DDAE_559292	RNAcentral/RNAcentral ID
S000007292	YNCO0014C	SNR9	Small Nucleolar RNA	snR9	URS000006A0E0_559292	RNAcentral/RNAcentral ID
S000007293	YNCM0031W	SNR11	Small Nucleolar RNA	snR11	URS00003F80CD_559292	RNAcentral/RNAcentral ID
S000007294	YNCO0025W	SNR17A	Small Nucleolar RNA	snR17a|U3	URS0000444F9B_559292	RNAcentral/RNAcentral ID
S000007295	YNCN0005C	SNR19	Small Nuclear RNA	snR19|U1	URS000012D749_559292	RNAcentral/RNAcentral ID
S000007296	YNCO0027C	SNR31	Small Nucleolar RNA	snR31	URS000024F0F7_559292	RNAcentral/RNAcentral ID
S000007297	YNCH0012W	SNR32	Small Nucleolar RNA	snR32	URS00004CBCF2_559292	RNAcentral/RNAcentral ID
S000007298	YNCC0006C	SNR33	Small Nucleolar RNA	snR33	URS00002BD8E6_559292	RNAcentral/RNAcentral ID
S000007299	YNCO0024C	SNR35	Small Nucleolar RNA	snR35	URS00003712F2_559292	RNAcentral/RNAcentral ID
S000007300	YNCO0022C	SNR36	Small Nucleolar RNA	snR36	URS0000604143_559292	RNAcentral/RNAcentral ID
S000007301	YNCK0009W	SNR38	Small Nucleolar RNA	snR38	URS000020D517_559292	RNAcentral/RNAcentral ID
S000007302	YNCG0014C	SNR39	Small Nucleolar RNA	snR39	URS000051C8F2_559292	RNAcentral/RNAcentral ID
S000007303	YNCG0015C	SNR39B	Small Nucleolar RNA	snR39B	URS000020FC3E_559292	RNAcentral/RNAcentral ID
S000007304	YNCN0001W	SNR40	Small Nucleolar RNA	snR40	URS0000111488_559292	RNAcentral/RNAcentral ID
S000007305	YNCP0015C	SNR41	Small Nucleolar RNA	snR41	URS0000176EA1_559292	RNAcentral/RNAcentral ID
S000007306	YNCM0017W	SNR72	Small Nucleolar RNA	snR72|Z2	URS000022B680_559292	RNAcentral/RNAcentral ID
S000007307	YNCM0016W	SNR73	Small Nucleolar RNA	snR73|Z3	URS00003E7141_559292	RNAcentral/RNAcentral ID
S000007308	YNCM0015W	SNR74	Small Nucleolar RNA	snR74|Z4	URS00001C2E5F_559292	RNAcentral/RNAcentral ID
S000007309	YNCM0014W	SNR75	Small Nucleolar RNA	snR75|Z5	URS0000544237_559292	RNAcentral/RNAcentral ID
S000007310	YNCM0013W	SNR76	Small Nucleolar RNA	snR76|Z6	URS00004E8887_559292	RNAcentral/RNAcentral ID
S000007311	YNCM0012W	SNR77	Small Nucleolar RNA	snR77|Z7	URS000022816F_559292	RNAcentral/RNAcentral ID
S000007312	YNCM0011W	SNR78	Small Nucleolar RNA	snR78|Z8	URS0000507CED_559292	RNAcentral/RNAcentral ID
S000007313	YNCL0005C	SNR79	Small Nucleolar RNA	snR79|Z9	URS0000600F12_559292	RNAcentral/RNAcentral ID
S000007314	YNCC0012C	SNR189	Small Nucleolar RNA	snR189	URS00002C5EBE_559292	RNAcentral/RNAcentral ID
S000007315	YNCQ0018W	""	""	tA(UGC)Q|tRNA-Ala|tRNA-Ala	URS00001FC1C3_559292	RNAcentral/RNAcentral ID
S000007316	YNCQ0008W	""	""	tC(GCA)Q|tRNA-Cys|tRNA-Cys	URS0000256494_559292	RNAcentral/RNAcentral ID
S000007317	YNCQ0015W	""	""	tD(GUC)Q|tRNA-Asp|tRNA-Asp	URS00001B59B0_559292	RNAcentral/RNAcentral ID
S000007318	YNCQ0004W	""	""	tE(UUC)Q|tRNA-Glu|tRNA-Glu	URS00000DE841_559292	RNAcentral/RNAcentral ID
S000007319	YNCQ0023W	""	""	tF(GAA)Q|tRNA-Phe|tRNA-Phe	URS00000F6D77_559292	RNAcentral/RNAcentral ID
S000007320	YNCQ0014W	""	""	tG(UCC)Q|tRNA-Gly|tRNA-Gly	URS00003D815B_559292	RNAcentral/RNAcentral ID
S000007321	YNCQ0009W	""	""	tH(GUG)Q|tRNA-His|tRNA-His	URS0000212675_559292	RNAcentral/RNAcentral ID
S000007322	YNCQ0019W	""	""	tI(GAU)Q|tRNA-Ile|tRNA-Ile	URS0000497DB4_559292	RNAcentral/RNAcentral ID
S000007323	YNCQ0012W	""	""	tK(UUU)Q|tRNA-Lys|tRNA-Lys	URS0000524E7A_559292	RNAcentral/RNAcentral ID
S000007324	YNCQ0010W	""	""	tL(UAA)Q|tRNA-Leu|tRNA-Leu	URS00004C1880_559292	RNAcentral/RNAcentral ID
S000007325	YNCQ0022W	""	""	tM(CAU)Q1|tRNA-Met|tRNA-Met	URS0000049696_559292	RNAcentral/RNAcentral ID
S000007326	YNCQ0026W	""	""	tM(CAU)Q2|tRNA-fMet	URS0000169001_559292	RNAcentral/RNAcentral ID
S000007327	YNCQ0021W	""	""	tN(GUU)Q|tRNA-Asn|tRNA-Asn	URS0000612F69_559292	RNAcentral/RNAcentral ID
S000007328	YNCQ0001W	""	""	tP(UGG)Q|tRNA-Pro|tRNA-Pro	URS00001CCBCA_559292	RNAcentral/RNAcentral ID
S000007329	YNCQ0011W	""	""	tQ(UUG)Q|tRNA-Gln|tRNA-Gln	URS0000258344_559292	RNAcentral/RNAcentral ID
S000007330	YNCQ0017W	""	""	tR(ACG)Q2|tRNA-Arg|tRNA-Arg	URS00000A5B0D_559292	RNAcentral/RNAcentral ID
S000007331	YNCQ0013W	""	""	tRNA-Arg|tRNA-Arg|tR(UCU)Q1	URS000060B8ED_559292	RNAcentral/RNAcentral ID
S000007332	YNCQ0016W	""	""	tRNA-Ser|tRNA-Ser|tS(GCU)Q1	URS00000064B1_559292	RNAcentral/RNAcentral ID
S000007333	YNCQ0005W	""	""	tRNA-Ser|tRNA-Ser|tS(UGA)Q2	URS00005729E5_559292	RNAcentral/RNAcentral ID
S000007334	YNCQ0007W	""	""	tRNA-Thr|tRNA-Thr|tT(UGU)Q1	URS00001AE65B_559292	RNAcentral/RNAcentral ID
S000007335	YNCQ0024C	""	""	tRNA-Thr|tRNA-Thr|tT(UAG)Q2|tT(XXX)Q2	URS000059E534_559292	RNAcentral/RNAcentral ID
S000007336	YNCQ0025W	""	""	tRNA-Val|tRNA-Val|tV(UAC)Q	URS00002ECE7F_559292	RNAcentral/RNAcentral ID
S000007337	YNCQ0003W	""	""	tRNA-Trp|tRNA-Trp|tW(UCA)Q	URS0000481745_559292	RNAcentral/RNAcentral ID
S000007338	YNCQ0020W	""	""	tRNA-Tyr|tRNA-Tyr|tY(GUA)Q	URS000017EA76_559292	RNAcentral/RNAcentral ID
S000007436	YNCN0013W	NME1	Nuclear Mitochondrial processing Endoribonuclease	RRP2	URS000006F31F_559292	RNAcentral/RNAcentral ID
S000007441	YNCP0005C	SNR17B	Small Nucleolar RNA	snR17b|U3	URS00005C5DAF_559292	RNAcentral/RNAcentral ID
S000007460	YNCN0018W	SNR49	Small Nucleolar RNA	snR49	URS0000525571_559292	RNAcentral/RNAcentral ID
S000007497	YNCL0003W	SNR30	Small Nucleolar RNA	snR30	URS0000398E29_559292	RNAcentral/RNAcentral ID
S000007499	YNCG0013W	SNR10	Small Nucleolar RNA	snR10	URS000021BB46_559292	RNAcentral/RNAcentral ID
S000007500	YNCA0003W	SNR18	Small Nucleolar RNA	snR18	URS00002AFD52_559292	RNAcentral/RNAcentral ID
S000007501	YNCM0026C	SNR24	Small Nucleolar RNA	snR24|U24	URS00002D9DEC_559292	RNAcentral/RNAcentral ID
S000028466	YNCD0032C	SNR84	Small Nucleolar RNA	RUF1|snR84	URS000053207F_559292	RNAcentral/RNAcentral ID
S000028467	YNCG0010W	SNR82	Small Nucleolar RNA	RUF2|snR82	URS00002155A1_559292	RNAcentral/RNAcentral ID
S000028468	YNCM0030W	SNR83	Small Nucleolar RNA	RUF3|snR83	URS000031E6B5_559292	RNAcentral/RNAcentral ID
S000028470	YNCH0007W	RUF5-1	RNA of Unknown Function	RUF5	URS00002DAFB5_559292	RNAcentral/RNAcentral ID
S000028474	YNCH0008W	RUF5-2	RNA of Unknown Function	RUF5	URS00002DAFB5_559292	RNAcentral/RNAcentral ID
S000029010	YNCE0017W	SRG1	SER3 Regulatory Gene	""	URS00001C0676_559292	RNAcentral/RNAcentral ID
S000029023	YNCQ0027W	RPM1	RNase P Mitochondrial	Q0285	URS00007E9EB6_559292	RNAcentral/RNAcentral ID
S000029463	YNCN0019C	SNR191	Small Nucleolar RNA	snR191	URS00001578E7_559292	RNAcentral/RNAcentral ID
S000029707	YNCL0026C	ETS1-2	External Transcribed Spacer	5' ETS|external transcribed spacer	URS000007769E_559292	RNAcentral/RNAcentral ID
S000029708	YNCL0029W	RDN5-4	""	5S ribosomal RNA|RDN5	URS000057ABFB_559292	RNAcentral/RNAcentral ID
S000029709	YNCL0024C	ITS1-2	Internal Transcribed Spacer	internal transcribed spacer 1|ITS1	URS00005D719B_559292	RNAcentral/RNAcentral ID
S000029710	YNCL0030W	RDN5-5	""	5S ribosomal RNA|RDN5	URS000057ABFB_559292	RNAcentral/RNAcentral ID
S000029711	YNCL0031W	RDN5-6	""	5S ribosomal RNA|RDN5	URS000055688D_559292	RNAcentral/RNAcentral ID
S000029712	YNCL0022C	ITS2-2	Internal Transcribed Spacer	internal transcribed spacer 2|ITS2	URS000013305B_559292	RNAcentral/RNAcentral ID
S000029713	YNCL0019C	ETS2-2	External Transcribed Spacer	3' ETS|external transcribed spacer	URS00001AB1D9_559292	RNAcentral/RNAcentral ID
S000029715	YNCL0015C	ITS1-1	Internal Transcribed Spacer	internal transcribed spacer 1|ITS1	URS00005D719B_559292	RNAcentral/RNAcentral ID
S000029716	YNCL0013C	ITS2-1	Internal Transcribed Spacer	internal transcribed spacer 2|ITS2	URS000013305B_559292	RNAcentral/RNAcentral ID
S000029717	YNCL0017C	ETS1-1	External Transcribed Spacer	5' ETS|external transcribed spacer	URS000007769E_559292	RNAcentral/RNAcentral ID
S000029718	YNCL0011C	ETS2-1	External Transcribed Spacer	3' ETS|external transcribed spacer	URS00001AB1D9_559292	RNAcentral/RNAcentral ID
S000077071	YNCM0003W	ZOD1	Zone Of Disparity	""	URS0000800451_559292	RNAcentral/RNAcentral ID
S000081374	YNCE0001C	SNR80	Small Nucleolar RNA	snR80	URS000029384E_559292	RNAcentral/RNAcentral ID
S000081375	YNCO0006W	SNR81	Small Nucleolar RNA	snR81	URS00003377F1_559292	RNAcentral/RNAcentral ID
S000081376	YNCM0002C	SNR85	Small Nucleolar RNA	snR85	URS000057FD8B_559292	RNAcentral/RNAcentral ID
S000087162	YNCB0009C	SNR161	""	snR161	URS000014B0B1_559292	RNAcentral/RNAcentral ID
S000114171	YNCM0032C	RNA170	""	""	URS00005E3537_559292	RNAcentral/RNAcentral ID
S000114301	YNCK0015C	SNR87	Small Nucleolar RNA	snR87	URS0000399925_559292	RNAcentral/RNAcentral ID
S000119075	YNCM0034C	SNR86	""	snR86	URS00002BC0C6_559292	RNAcentral/RNAcentral ID
S000119380	YNCA0001W	HRA1	Hidden in Region Antisense	""	URS0000224E47_559292	RNAcentral/RNAcentral ID
S000130127	YNCF0003C	RUF20	RNA of Unknown Function	""	URS0000505673_559292	RNAcentral/RNAcentral ID
S000130129	YNCF0001C	RUF21	RNA of Unknown Function	""	URS00003B07A3_559292	RNAcentral/RNAcentral ID
S000130131	YNCF0010C	RUF22	RNA of Unknown Function	""	URS0000466DCE_559292	RNAcentral/RNAcentral ID
S000130133	YNCF0013W	RUF23	RNA of Unknown Function	""	URS00001C9907_559292	RNAcentral/RNAcentral ID
S000132612	YNCI0012	ICR1	Interfering Crick RNA	""	URS00000EE73F_559292	RNAcentral/RNAcentral ID
S000132614	YNCI0013W	PWR1	Promoting Watson RNA	PWR1	URS0000580240_559292	RNAcentral/RNAcentral ID
S000144908	YNCG0006C	RME2	Regulator of Meiosis	IME4-AS	URS00007EE16F_559292	RNAcentral/RNAcentral ID
S000144910	YNCG0001C	RME3	Regulator of Meiosis	SUT534	URS00007F40A3_559292	RNAcentral/RNAcentral ID
S000178119	YNCJ0028C	IRT1	IME1 Regulatory Transcript	SUT643	URS00008077EC_559292	RNAcentral/RNAcentral ID
